{"cameraMode":{"drawMode":0,"name":"Shaded","section":"Shading Mode"},"sceneLighting":false,"audioPlay":false,"sceneViewState":{"showFog":true,"showMaterialUpdate":false,"showSkybox":true,"showFlares":true,"showImageEffects":true,"showParticleSystems":true},"in2DMode":false,"pivot":{"x":-0.2903200089931488,"y":0.25992000102996828,"z":0.0},"rotation":{"x":0.025497421622276307,"y":0.0021102072205394508,"z":-0.00005457231236505322,"w":0.9996762275695801},"size":0.8320271968841553,"orthographic":false}