{"cameraMode":{"drawMode":0,"name":"Shaded","section":"Shading Mode"},"sceneLighting":false,"audioPlay":false,"sceneViewState":{"showFog":true,"showMaterialUpdate":false,"showSkybox":true,"showFlares":true,"showImageEffects":true,"showParticleSystems":true},"in2DMode":false,"pivot":{"x":-1.4901161193847657e-8,"y":-0.004832789301872253,"z":0.006637945771217346},"rotation":{"x":-0.1846979707479477,"y":0.2524336874485016,"z":-0.0491529144346714,"w":-0.9485506415367127},"size":0.724495530128479,"orthographic":false}