{"cameraMode":{"drawMode":0,"name":"Shaded","section":"Shading Mode"},"sceneLighting":false,"audioPlay":false,"sceneViewState":{"showFog":true,"showMaterialUpdate":false,"showSkybox":true,"showFlares":true,"showImageEffects":true,"showParticleSystems":true},"in2DMode":false,"pivot":{"x":-0.004560008645057678,"y":0.06822901219129563,"z":-0.030400002375245096},"rotation":{"x":-0.0871184915304184,"y":-0.04303913936018944,"z":0.0037837023846805097,"w":-0.9952786564826965},"size":0.5766865015029907,"orthographic":false}