{"cameraMode":{"drawMode":0,"name":"Shaded","section":"Shading Mode"},"sceneLighting":false,"audioPlay":false,"sceneViewState":{"showFog":true,"showMaterialUpdate":false,"showSkybox":true,"showFlares":true,"showImageEffects":true,"showParticleSystems":true},"in2DMode":false,"pivot":{"x":0.04749999940395355,"y":0.04749999940395355,"z":0.04749999940395355},"rotation":{"x":-0.09914971888065338,"y":0.7101225852966309,"z":-0.10210665315389633,"w":-0.6895461678504944},"size":0.3000778555870056,"orthographic":false}